date,time,id,quantity,payment
11/09/2022,9:04:09,7,5,35.75
11/09/2022,11:04:14,9,1,14.8
11/09/2022,18:09:50,7,5,35.75
12/09/2022,11:01:58,9,4,59.2
13/09/2022,10:09:10,9,4,59.2
13/09/2022,11:12:51,3,3,15
14/09/2022,12:03:54,11,3,26.7
14/09/2022,15:12:46,4,4,8.4
15/09/2022,13:00:23,12,3,77.1
16/09/2022,11:02:13,3,2,10
17/09/2022,9:03:26,14,2,6
17/09/2022,14:01:57,9,2,29.6
18/09/2022,8:09:05,11,1,8.9
18/09/2022,8:11:42,5,5,44.5
18/09/2022,9:00:40,12,5,128.5
18/09/2022,11:07:12,5,4,35.6
19/09/2022,13:01:52,6,3,22.5
20/09/2022,17:03:06,2,5,16
21/09/2022,10:09:40,9,3,44.4
21/09/2022,15:07:51,4,3,6.3
23/09/2022,15:02:30,6,3,22.5
23/09/2022,17:04:05,5,2,17.8
24/09/2022,18:08:10,9,5,74
26/09/2022,8:10:50,8,4,58.8
26/09/2022,11:09:52,10,5,47
27/09/2022,14:04:51,5,4,35.6
27/09/2022,14:05:23,6,3,22.5
29/09/2022,16:02:49,8,2,29.4
30/09/2022,11:03:57,7,2,14.3
1/10/2022,8:02:51,8,3,44.1
1/10/2022,13:05:50,4,1,2.1
1/10/2022,17:07:13,3,5,25
3/10/2022,13:12:05,1,4,24
3/10/2022,14:10:17,10,3,28.2
4/10/2022,14:02:09,1,2,12
5/10/2022,14:08:02,6,2,15
6/10/2022,15:00:51,7,3,21.45
6/10/2022,16:13:03,3,1,5
7/10/2022,11:01:18,14,3,9
9/10/2022,11:07:12,3,1,5
10/10/2022,8:04:39,1,2,12
11/10/2022,15:08:58,2,1,3.2
11/10/2022,16:08:28,14,3,9
12/10/2022,15:11:18,8,4,58.8
12/10/2022,16:07:58,8,2,29.4
14/10/2022,8:13:46,11,1,8.9
14/10/2022,17:11:10,11,4,35.6
15/10/2022,8:09:21,11,5,44.5
15/10/2022,13:00:45,2,3,9.6
15/10/2022,13:09:52,5,4,35.6
15/10/2022,14:07:58,14,4,12
15/10/2022,17:04:27,15,5,29
16/10/2022,14:03:38,12,3,77.1
18/10/2022,9:01:13,10,4,37.6
18/10/2022,14:02:07,15,2,11.6
18/10/2022,17:12:30,14,2,6
19/10/2022,10:13:01,1,2,12
20/10/2022,11:03:47,15,1,5.8
21/10/2022,15:05:47,15,3,17.4
23/10/2022,10:02:39,4,2,4.2
28/10/2022,17:10:46,9,3,44.4
29/10/2022,12:00:09,2,2,6.4
30/10/2022,8:01:21,11,2,17.8
30/10/2022,14:13:38,7,4,28.6
30/10/2022,16:13:53,13,4,41.2
1/11/2022,8:00:21,1,1,6
1/11/2022,9:08:09,5,3,26.7
1/11/2022,14:11:17,9,3,44.4
1/11/2022,18:02:28,2,2,6.4
2/11/2022,16:06:10,6,5,37.5
6/11/2022,11:09:54,14,3,9
8/11/2022,16:06:48,3,2,10
9/11/2022,10:06:40,15,3,17.4
9/11/2022,12:00:27,15,4,23.2
9/11/2022,17:01:52,4,4,8.4
11/11/2022,15:01:30,6,3,22.5
11/11/2022,16:03:59,10,1,9.4
11/11/2022,18:07:35,11,1,8.9
14/11/2022,9:09:15,2,1,3.2
14/11/2022,15:04:16,7,4,28.6
15/11/2022,10:01:21,12,3,77.1
15/11/2022,11:09:44,3,3,15
15/11/2022,18:08:16,15,5,29
16/11/2022,12:10:43,2,3,9.6
16/11/2022,15:06:57,13,2,20.6
17/11/2022,10:12:52,7,4,28.6
18/11/2022,15:10:13,9,1,14.8
20/11/2022,15:01:53,11,5,44.5
20/11/2022,18:06:15,10,5,47
21/11/2022,12:09:48,2,5,16
22/11/2022,10:06:03,12,5,128.5
22/11/2022,13:08:51,12,4,102.8
22/11/2022,18:13:59,5,5,44.5
26/11/2022,10:13:49,15,5,29
27/11/2022,12:08:59,3,4,20
28/11/2022,8:01:46,11,4,35.6
29/11/2022,18:06:12,15,3,17.4
30/11/2022,17:11:06,9,4,59.2
1/12/2022,15:09:00,15,1,5.8
1/12/2022,17:05:44,6,2,15
5/12/2022,11:13:55,5,1,8.9
5/12/2022,12:12:57,4,5,10.5
5/12/2022,17:05:21,10,3,28.2
9/12/2022,12:09:28,2,4,12.8
9/12/2022,17:08:48,10,3,28.2
10/12/2022,10:07:09,5,2,17.8
10/12/2022,13:09:02,5,5,44.5
10/12/2022,18:11:19,14,3,9
11/12/2022,18:04:03,9,3,44.4
12/12/2022,12:01:28,2,4,12.8
13/12/2022,17:09:49,4,5,10.5
15/12/2022,15:08:26,3,2,10
16/12/2022,14:06:12,15,5,29
20/12/2022,12:03:18,1,4,24
20/12/2022,18:10:31,6,2,15
24/12/2022,9:13:07,13,1,10.3
25/12/2022,18:07:30,8,4,58.8
27/12/2022,10:06:20,12,1,25.7
28/12/2022,11:02:02,11,3,26.7
29/12/2022,17:08:16,14,3,9
30/12/2022,14:00:48,3,3,15
31/12/2022,15:12:16,9,5,74
31/12/2022,18:12:08,15,2,11.6
1/01/2023,11:10:00,1,1,6
1/01/2023,13:03:03,2,3,9.6
1/01/2023,14:12:11,13,1,10.3
2/01/2023,10:02:42,7,1,7.15
2/01/2023,17:04:25,15,3,17.4
2/01/2023,18:05:46,11,3,26.7
2/01/2023,18:12:26,3,2,10
3/01/2023,18:05:59,12,4,102.8
6/01/2023,12:08:13,11,1,8.9
6/01/2023,17:01:29,14,2,6
7/01/2023,13:02:32,1,4,24
7/01/2023,16:12:10,1,4,24
9/01/2023,12:13:11,11,3,26.7
12/01/2023,16:02:25,4,1,2.1
14/01/2023,13:10:29,2,1,3.2
14/01/2023,15:05:54,10,2,18.8
14/01/2023,17:12:15,11,3,26.7
15/01/2023,18:03:16,9,2,29.6
17/01/2023,9:01:13,5,5,44.5
17/01/2023,12:07:12,8,4,58.8
18/01/2023,13:00:01,7,4,28.6
18/01/2023,15:07:33,2,4,12.8
22/01/2023,10:01:11,10,3,28.2
24/01/2023,16:10:19,2,3,9.6
24/01/2023,16:11:54,5,4,35.6
26/01/2023,16:01:25,12,3,77.1
27/01/2023,9:08:35,10,1,9.4
27/01/2023,11:04:55,6,5,37.5
27/01/2023,14:03:39,8,4,58.8
29/01/2023,9:11:12,13,2,20.6
29/01/2023,10:08:02,14,1,3
30/01/2023,11:08:42,2,5,16
1/02/2023,17:04:57,12,1,25.7
2/02/2023,14:04:24,13,2,20.6
4/02/2023,12:04:00,8,4,58.8
4/02/2023,17:05:13,8,1,14.7
6/02/2023,10:04:44,3,1,5
6/02/2023,10:09:03,9,5,74
7/02/2023,13:02:48,8,5,73.5
8/02/2023,10:02:00,2,1,3.2
8/02/2023,18:04:34,10,1,9.4
9/02/2023,17:14:10,5,4,35.6
10/02/2023,10:00:21,12,4,102.8
10/02/2023,12:00:44,14,3,9
10/02/2023,13:09:20,5,4,35.6
11/02/2023,12:04:08,8,2,29.4
14/02/2023,11:10:33,8,2,29.4
16/02/2023,10:02:47,15,3,17.4
16/02/2023,10:09:42,1,4,24
17/02/2023,11:01:15,6,3,22.5
17/02/2023,13:12:04,4,3,6.3
17/02/2023,14:00:56,7,3,21.45
18/02/2023,13:07:59,9,4,59.2
22/02/2023,8:11:36,7,2,14.3
22/02/2023,13:01:26,6,4,30
25/02/2023,8:00:07,12,2,51.4
26/02/2023,12:05:05,8,5,73.5
27/02/2023,13:10:23,14,2,6
27/02/2023,15:10:28,8,2,29.4
27/02/2023,18:11:41,9,3,44.4
28/02/2023,14:03:23,6,5,37.5
28/02/2023,15:03:38,11,2,17.8
28/02/2023,16:10:55,4,3,6.3
1/03/2023,10:03:04,14,4,12
1/03/2023,13:09:05,11,3,26.7
1/03/2023,16:06:03,6,2,15
3/03/2023,16:05:38,15,5,29
4/03/2023,13:03:56,15,4,23.2
5/03/2023,8:05:31,9,3,44.4
6/03/2023,11:05:07,7,4,28.6
8/03/2023,8:12:10,9,5,74
8/03/2023,9:03:52,12,5,128.5
8/03/2023,14:08:12,4,4,8.4
9/03/2023,12:12:21,4,1,2.1
9/03/2023,15:05:57,13,5,51.5
9/03/2023,16:12:44,7,5,35.75
11/03/2023,14:01:03,13,2,20.6
12/03/2023,12:02:08,11,4,35.6
13/03/2023,17:03:56,10,2,18.8
14/03/2023,12:10:03,7,4,28.6
15/03/2023,16:00:17,13,5,51.5
18/03/2023,13:03:20,6,4,30
19/03/2023,11:03:20,7,2,14.3
21/03/2023,13:06:35,7,3,21.45
21/03/2023,15:03:07,15,5,29
22/03/2023,18:00:36,2,4,12.8
23/03/2023,17:05:07,1,4,24
25/03/2023,15:08:51,5,1,8.9
25/03/2023,15:13:59,7,4,28.6
26/03/2023,14:03:50,3,1,5
27/03/2023,12:08:57,1,3,18
28/03/2023,8:01:38,8,4,58.8
29/03/2023,14:07:52,7,1,7.15
30/03/2023,15:03:11,3,1,5
31/03/2023,12:02:42,15,1,5.8
31/03/2023,13:12:05,8,5,73.5
31/03/2023,14:10:29,6,5,37.5
1/04/2023,11:03:59,13,4,41.2
1/04/2023,12:08:52,2,2,6.4
2/04/2023,15:10:38,4,1,2.1
3/04/2023,18:01:54,9,1,14.8
4/04/2023,10:03:19,9,3,44.4
4/04/2023,12:09:18,14,1,3
4/04/2023,18:09:05,9,3,44.4
5/04/2023,8:00:16,11,2,17.8
6/04/2023,15:01:35,3,3,15
7/04/2023,11:04:15,2,3,9.6
10/04/2023,11:10:18,13,3,30.9
13/04/2023,10:03:08,10,2,18.8
13/04/2023,12:08:25,10,1,9.4
13/04/2023,14:08:21,3,4,20
15/04/2023,10:00:53,12,2,51.4
15/04/2023,11:04:51,1,2,12
16/04/2023,11:07:01,14,4,12
17/04/2023,18:10:10,11,1,8.9
18/04/2023,14:06:36,1,2,12
18/04/2023,15:00:24,2,5,16
21/04/2023,9:00:19,6,2,15
21/04/2023,10:13:02,9,2,29.6
21/04/2023,10:14:13,3,2,10
23/04/2023,8:00:50,1,2,12
23/04/2023,10:01:24,11,1,8.9
23/04/2023,12:13:56,14,1,3
24/04/2023,14:01:10,11,4,35.6
25/04/2023,14:11:41,15,4,23.2
25/04/2023,16:01:35,12,1,25.7
26/04/2023,16:11:35,13,4,41.2
27/04/2023,11:01:55,4,4,8.4
30/04/2023,10:09:45,8,1,14.7
30/04/2023,13:03:51,4,4,8.4
1/05/2023,11:08:00,4,3,6.3
4/05/2023,11:09:00,8,1,14.7
4/05/2023,12:05:13,14,3,9
5/05/2023,12:02:51,1,2,12
5/05/2023,13:14:08,5,2,17.8
5/05/2023,17:00:19,6,3,22.5
7/05/2023,14:11:21,14,2,6
8/05/2023,12:02:32,6,4,30
8/05/2023,14:06:53,10,1,9.4
8/05/2023,18:08:02,3,4,20
10/05/2023,14:13:42,15,1,5.8
10/05/2023,15:11:25,5,5,44.5
11/05/2023,12:12:41,8,1,14.7
12/05/2023,12:11:26,7,2,14.3
13/05/2023,9:11:13,1,4,24
13/05/2023,11:12:57,1,5,30
13/05/2023,13:06:10,8,4,58.8
13/05/2023,17:13:21,8,1,14.7
15/05/2023,10:01:17,12,3,77.1
16/05/2023,16:13:03,6,5,37.5
17/05/2023,9:08:50,8,1,14.7
17/05/2023,16:08:27,1,2,12
18/05/2023,16:01:59,6,2,15
21/05/2023,15:07:06,4,3,6.3
22/05/2023,17:05:49,15,4,23.2
23/05/2023,10:00:09,12,1,25.7
28/05/2023,9:07:26,11,2,17.8
29/05/2023,13:08:51,3,5,25
30/05/2023,13:06:10,13,2,20.6
30/05/2023,15:09:08,10,1,9.4
31/05/2023,16:08:32,4,3,6.3
1/06/2023,9:08:41,11,5,44.5
1/06/2023,13:00:02,15,4,23.2
1/06/2023,18:05:09,8,1,14.7
3/06/2023,10:12:16,11,5,44.5
4/06/2023,10:02:25,13,4,41.2
4/06/2023,17:07:29,12,1,25.7
4/06/2023,17:08:43,15,1,5.8
5/06/2023,12:10:14,4,3,6.3
7/06/2023,10:03:20,8,5,73.5
7/06/2023,12:09:18,2,1,3.2
8/06/2023,12:11:00,1,5,30
11/06/2023,9:11:36,4,2,4.2
11/06/2023,14:03:05,14,1,3
11/06/2023,18:00:41,10,3,28.2
12/06/2023,17:04:06,7,1,7.15
13/06/2023,12:11:42,10,2,18.8
13/06/2023,18:02:30,9,2,29.6
14/06/2023,8:06:18,7,5,35.75
14/06/2023,14:10:59,15,3,17.4
17/06/2023,18:13:58,4,1,2.1
19/06/2023,13:03:36,9,2,29.6
22/06/2023,9:13:53,9,3,44.4
22/06/2023,10:12:33,11,4,35.6
22/06/2023,12:10:34,12,3,77.1
22/06/2023,18:09:24,7,1,7.15
23/06/2023,16:14:22,9,4,59.2
24/06/2023,15:13:03,11,5,44.5
25/06/2023,14:03:20,6,1,7.5
27/06/2023,9:06:27,4,3,6.3
27/06/2023,13:13:42,1,1,6
28/06/2023,14:12:11,6,4,30
29/06/2023,18:08:18,13,1,10.3
30/06/2023,17:01:56,8,1,14.7
6/07/2023,11:08:44,12,4,102.8
6/07/2023,15:04:52,10,1,9.4
6/07/2023,15:12:38,5,4,35.6
9/07/2023,18:09:54,15,3,17.4
12/07/2023,14:07:46,1,1,6
12/07/2023,15:12:27,14,4,12
12/07/2023,17:06:49,3,5,25
14/07/2023,12:01:30,9,5,74
14/07/2023,14:11:32,11,1,8.9
14/07/2023,14:13:24,9,5,74
15/07/2023,8:11:04,4,4,8.4
17/07/2023,8:13:39,4,3,6.3
17/07/2023,12:11:17,7,3,21.45
18/07/2023,9:10:22,14,3,9
19/07/2023,8:09:06,3,4,20
19/07/2023,10:06:08,15,4,23.2
19/07/2023,13:12:20,15,2,11.6
19/07/2023,15:05:59,10,3,28.2
19/07/2023,18:00:58,12,1,25.7
21/07/2023,9:07:20,9,5,74
21/07/2023,11:08:30,10,4,37.6
23/07/2023,10:02:50,2,2,6.4
23/07/2023,16:03:55,15,4,23.2
25/07/2023,11:04:25,1,5,30
26/07/2023,12:10:23,10,5,47
27/07/2023,16:11:12,1,4,24
1/08/2023,17:01:58,3,1,5
1/08/2023,18:10:43,10,2,18.8
2/08/2023,10:13:43,11,2,17.8
3/08/2023,10:03:49,6,2,15
4/08/2023,17:06:03,9,4,59.2
5/08/2023,14:02:07,1,5,30
7/08/2023,9:02:03,4,3,6.3
8/08/2023,17:11:44,9,3,44.4
9/08/2023,8:08:57,15,5,29
9/08/2023,8:12:00,3,3,15
11/08/2023,9:05:48,5,5,44.5
11/08/2023,11:00:01,14,3,9
13/08/2023,10:08:12,6,2,15
13/08/2023,12:05:01,9,5,74
14/08/2023,15:13:32,6,4,30
14/08/2023,16:01:17,12,3,77.1
14/08/2023,16:10:56,4,2,4.2
14/08/2023,17:09:27,7,3,21.45
15/08/2023,8:06:08,14,5,15
15/08/2023,15:13:50,13,1,10.3
15/08/2023,16:05:10,6,2,15
16/08/2023,8:08:04,10,1,9.4
16/08/2023,18:00:46,12,4,102.8
17/08/2023,10:03:49,9,3,44.4
18/08/2023,9:09:48,11,3,26.7
18/08/2023,16:04:19,4,1,2.1
18/08/2023,18:11:02,12,1,25.7
19/08/2023,8:07:37,10,1,9.4
19/08/2023,9:07:20,9,1,14.8
19/08/2023,9:10:13,13,5,51.5
19/08/2023,15:12:54,1,2,12
21/08/2023,11:06:15,15,5,29
22/08/2023,11:02:35,9,4,59.2
22/08/2023,14:04:57,3,4,20
22/08/2023,17:13:33,11,4,35.6
25/08/2023,8:12:29,10,5,47
25/08/2023,10:13:16,3,3,15
25/08/2023,13:10:01,6,3,22.5
25/08/2023,15:03:56,1,4,24
29/08/2023,16:10:55,12,3,77.1
31/08/2023,10:11:41,8,3,44.1
5/09/2023,16:05:54,12,3,77.1
6/09/2023,10:03:11,10,3,28.2
9/09/2023,14:08:22,12,4,102.8
9/09/2023,15:07:13,10,3,28.2
10/09/2023,15:02:51,7,2,14.3
17/09/2023,15:07:13,1,2,12
18/09/2023,11:07:27,3,5,25
19/09/2023,15:12:39,2,1,3.2
19/09/2023,17:02:49,3,4,20
20/09/2023,8:01:58,11,5,44.5
20/09/2023,10:01:19,9,1,14.8
20/09/2023,12:11:32,8,2,29.4
20/09/2023,13:05:15,6,1,7.5
20/09/2023,17:00:04,13,5,51.5
20/09/2023,17:13:13,8,4,58.8
20/09/2023,18:00:20,9,1,14.8
21/09/2023,9:01:10,3,1,5
22/09/2023,12:07:56,14,3,9
22/09/2023,15:09:48,7,5,35.75
24/09/2023,13:08:27,9,5,74
24/09/2023,15:14:21,7,4,28.6
24/09/2023,16:08:10,4,2,4.2
25/09/2023,16:08:52,2,5,16
26/09/2023,8:01:14,5,5,44.5
26/09/2023,14:13:03,9,3,44.4
26/09/2023,17:12:46,4,1,2.1
27/09/2023,9:13:01,12,2,51.4
27/09/2023,13:03:53,15,3,17.4
27/09/2023,13:06:59,15,2,11.6
28/09/2023,14:11:29,2,2,6.4
28/09/2023,16:04:03,8,1,14.7
29/09/2023,16:10:26,7,3,21.45
3/10/2023,12:07:37,8,5,73.5
3/10/2023,15:13:02,2,2,6.4
4/10/2023,14:03:49,15,4,23.2
4/10/2023,18:05:44,7,5,35.75
5/10/2023,17:08:01,8,5,73.5
6/10/2023,10:00:37,12,3,77.1
7/10/2023,16:09:56,13,4,41.2
9/10/2023,18:00:03,7,1,7.15
10/10/2023,8:02:52,3,4,20
10/10/2023,8:11:07,10,4,37.6
12/10/2023,11:11:53,3,4,20
12/10/2023,12:13:56,6,3,22.5
13/10/2023,8:09:54,9,5,74
13/10/2023,8:12:54,9,1,14.8
15/10/2023,10:13:32,14,4,12
16/10/2023,18:05:29,6,1,7.5
17/10/2023,11:11:05,4,2,4.2
18/10/2023,10:01:18,11,4,35.6
18/10/2023,14:12:57,14,2,6
19/10/2023,15:01:53,3,1,5
21/10/2023,11:01:30,7,2,14.3
23/10/2023,13:08:06,7,5,35.75
25/10/2023,10:08:53,4,5,10.5
25/10/2023,16:05:01,8,3,44.1
26/10/2023,18:11:15,10,1,9.4
28/10/2023,9:01:35,2,4,12.8
29/10/2023,12:06:11,3,5,25
30/10/2023,10:03:45,2,2,6.4
31/10/2023,8:10:28,15,2,11.6
2/11/2023,17:02:17,3,5,25
4/11/2023,9:14:10,4,1,2.1
4/11/2023,13:07:18,2,3,9.6
4/11/2023,15:04:11,2,2,6.4
4/11/2023,15:04:18,13,2,20.6
4/11/2023,16:07:56,9,5,74
5/11/2023,18:07:39,4,4,8.4
7/11/2023,15:06:55,7,5,35.75
8/11/2023,12:14:00,1,2,12
9/11/2023,8:07:53,10,5,47
10/11/2023,13:08:21,3,4,20
10/11/2023,18:13:57,1,2,12
12/11/2023,13:12:19,13,5,51.5
13/11/2023,9:11:06,11,4,35.6
13/11/2023,14:13:16,9,5,74
14/11/2023,13:12:33,11,3,26.7
14/11/2023,17:06:04,9,2,29.6
18/11/2023,15:01:26,4,4,8.4
19/11/2023,10:01:36,8,3,44.1
19/11/2023,18:13:18,10,2,18.8
20/11/2023,15:13:34,2,4,12.8
22/11/2023,15:14:23,5,2,17.8
22/11/2023,16:04:40,10,3,28.2
23/11/2023,16:00:38,10,2,18.8
24/11/2023,10:13:41,1,1,6
26/11/2023,17:01:29,15,1,5.8
27/11/2023,12:07:58,14,2,6
27/11/2023,17:03:05,13,3,30.9
27/11/2023,18:04:02,14,2,6
28/11/2023,11:11:44,14,1,3
30/11/2023,8:03:31,6,2,15
30/11/2023,13:03:34,12,1,25.7
2/12/2023,10:06:16,14,4,12
3/12/2023,16:11:43,3,5,25
4/12/2023,15:05:24,1,5,30
5/12/2023,13:11:32,7,4,28.6
5/12/2023,16:08:49,9,5,74
8/12/2023,8:05:37,3,3,15
8/12/2023,11:09:49,15,2,11.6
10/12/2023,17:01:51,8,2,29.4
11/12/2023,9:07:10,14,1,3
11/12/2023,12:09:29,14,4,12
12/12/2023,9:12:51,1,4,24
12/12/2023,9:14:11,11,5,44.5
12/12/2023,15:06:32,4,4,8.4
16/12/2023,17:11:31,4,2,4.2
18/12/2023,15:06:24,8,2,29.4
19/12/2023,13:08:35,14,5,15
19/12/2023,16:05:59,4,2,4.2
21/12/2023,9:01:13,10,1,9.4
21/12/2023,11:09:16,13,4,41.2
21/12/2023,16:13:41,7,5,35.75
22/12/2023,11:09:56,7,1,7.15
24/12/2023,10:07:33,3,3,15
24/12/2023,11:11:25,2,5,16
25/12/2023,18:11:07,6,1,7.5
28/12/2023,17:05:05,2,1,3.2
29/12/2023,14:02:53,1,1,6
30/12/2023,12:13:27,6,1,7.5
30/12/2023,14:00:06,13,1,10.3
30/12/2023,14:07:54,3,1,5
2/01/2024,13:02:05,3,2,10
2/01/2024,18:06:16,4,3,6.3
3/01/2024,9:09:17,14,2,6
4/01/2024,12:12:14,9,3,44.4
5/01/2024,13:04:19,7,2,14.3
5/01/2024,15:08:19,5,5,44.5
7/01/2024,10:01:16,15,1,5.8
7/01/2024,14:01:18,9,2,29.6
7/01/2024,16:05:46,4,4,8.4
8/01/2024,11:08:29,4,1,2.1
8/01/2024,16:06:50,6,3,22.5
8/01/2024,18:03:27,11,1,8.9
9/01/2024,16:09:35,3,4,20
12/01/2024,13:11:58,13,3,30.9
13/01/2024,17:12:33,1,5,30
14/01/2024,8:10:40,7,5,35.75
15/01/2024,18:09:30,5,3,26.7
16/01/2024,16:07:00,3,5,25
17/01/2024,9:05:55,13,1,10.3
18/01/2024,8:07:32,12,5,128.5
18/01/2024,12:08:48,3,3,15
18/01/2024,12:10:00,9,1,14.8
21/01/2024,15:03:24,4,5,10.5
23/01/2024,12:08:48,10,3,28.2
23/01/2024,14:02:03,7,4,28.6
23/01/2024,18:06:31,11,4,35.6
25/01/2024,11:10:19,3,1,5
25/01/2024,12:06:30,4,2,4.2
25/01/2024,14:04:11,14,2,6
27/01/2024,15:06:34,12,2,51.4
27/01/2024,18:08:11,3,4,20
28/01/2024,10:13:06,4,2,4.2
28/01/2024,14:06:26,7,2,14.3
29/01/2024,8:06:47,1,1,6
30/01/2024,18:05:33,12,2,51.4
31/01/2024,17:14:09,13,5,51.5
1/02/2024,12:08:34,2,5,16
2/02/2024,12:00:42,15,2,11.6
2/02/2024,18:03:50,15,3,17.4
4/02/2024,16:02:58,12,4,102.8
5/02/2024,10:11:29,3,1,5
5/02/2024,13:08:07,12,1,25.7
5/02/2024,14:01:52,3,1,5
6/02/2024,11:05:52,15,5,29
6/02/2024,13:01:07,3,2,10
6/02/2024,13:11:29,8,1,14.7
8/02/2024,12:11:23,2,3,9.6
8/02/2024,15:06:33,4,4,8.4
9/02/2024,18:13:13,3,1,5
10/02/2024,8:01:56,15,3,17.4
10/02/2024,9:04:32,3,5,25
11/02/2024,10:00:24,13,1,10.3
11/02/2024,10:13:26,7,2,14.3
12/02/2024,15:07:53,11,5,44.5
14/02/2024,17:00:06,12,4,102.8
16/02/2024,15:06:25,8,5,73.5
17/02/2024,15:06:54,2,2,6.4
17/02/2024,15:11:13,15,3,17.4
17/02/2024,17:13:56,9,3,44.4
18/02/2024,13:08:27,14,4,12
19/02/2024,15:13:35,6,5,37.5
19/02/2024,18:00:46,12,4,102.8
23/02/2024,14:02:49,6,2,15
24/02/2024,15:08:56,9,3,44.4
24/02/2024,17:07:16,4,2,4.2
25/02/2024,8:11:53,4,2,4.2
26/02/2024,13:13:03,13,3,30.9
27/02/2024,12:02:58,10,1,9.4
28/02/2024,11:06:31,4,3,6.3
28/02/2024,15:00:50,1,1,6
1/03/2024,9:06:31,9,4,59.2
1/03/2024,11:03:06,9,5,74
4/03/2024,8:09:14,15,5,29
4/03/2024,18:03:41,11,5,44.5
5/03/2024,12:11:25,9,3,44.4
7/03/2024,10:10:12,2,1,3.2
8/03/2024,18:01:31,15,3,17.4
10/03/2024,8:11:17,11,3,26.7
10/03/2024,10:06:28,5,5,44.5
10/03/2024,14:11:36,15,5,29
11/03/2024,8:09:53,15,3,17.4
15/03/2024,11:07:40,14,4,12
18/03/2024,13:01:07,2,3,9.6
20/03/2024,11:00:18,6,5,37.5
21/03/2024,9:03:14,3,1,5
21/03/2024,11:06:15,9,5,74
22/03/2024,16:08:36,1,2,12
26/03/2024,13:02:49,1,3,18
28/03/2024,15:01:40,8,3,44.1
28/03/2024,17:08:29,10,5,47
29/03/2024,10:04:53,14,3,9
30/03/2024,8:02:58,8,2,29.4
30/03/2024,12:14:09,8,5,73.5
31/03/2024,12:09:58,6,3,22.5
31/03/2024,16:05:10,3,4,20
3/04/2024,12:08:37,9,2,29.6
3/04/2024,15:03:37,15,5,29
3/04/2024,16:01:47,1,3,18
4/04/2024,13:00:27,6,4,30
5/04/2024,13:12:01,11,5,44.5
8/04/2024,11:05:06,8,2,29.4
8/04/2024,15:05:31,15,4,23.2
8/04/2024,15:13:18,7,5,35.75
10/04/2024,11:07:09,6,1,7.5
12/04/2024,15:05:13,7,2,14.3
14/04/2024,15:06:02,9,5,74
15/04/2024,15:04:11,1,1,6
16/04/2024,17:07:11,2,3,9.6
17/04/2024,14:08:57,1,4,24
18/04/2024,13:04:11,5,5,44.5
20/04/2024,8:11:40,12,5,128.5
20/04/2024,9:07:31,15,2,11.6
24/04/2024,12:09:06,11,2,17.8
26/04/2024,11:09:03,1,5,30
26/04/2024,14:05:58,6,5,37.5
27/04/2024,16:05:02,10,2,18.8
28/04/2024,8:08:19,1,5,30
30/04/2024,9:04:58,12,3,77.1
1/05/2024,14:03:53,1,5,30
2/05/2024,14:13:30,12,4,102.8
3/05/2024,13:04:46,7,4,28.6
3/05/2024,13:13:29,3,5,25
3/05/2024,15:00:27,1,2,12
4/05/2024,13:09:08,15,3,17.4
5/05/2024,12:12:16,12,3,77.1
5/05/2024,15:01:04,7,5,35.75
5/05/2024,17:07:24,12,2,51.4
5/05/2024,18:12:51,11,5,44.5
7/05/2024,9:00:05,11,4,35.6
7/05/2024,16:05:47,13,3,30.9
8/05/2024,8:02:44,8,3,44.1
8/05/2024,17:08:54,12,2,51.4
9/05/2024,16:01:27,7,1,7.15
10/05/2024,12:08:57,5,3,26.7
11/05/2024,17:00:54,6,5,37.5
12/05/2024,16:04:18,9,4,59.2
14/05/2024,16:02:49,4,2,4.2
15/05/2024,12:10:59,4,5,10.5
15/05/2024,17:11:22,9,4,59.2
15/05/2024,18:04:36,14,5,15
18/05/2024,18:13:46,1,4,24
19/05/2024,13:13:54,13,3,30.9
20/05/2024,8:03:57,3,2,10
21/05/2024,14:13:31,12,4,102.8
22/05/2024,10:07:10,12,1,25.7
22/05/2024,11:03:26,9,2,29.6
22/05/2024,15:14:21,1,5,30
25/05/2024,12:10:44,11,1,8.9
25/05/2024,16:07:13,5,5,44.5
27/05/2024,16:04:17,11,4,35.6
28/05/2024,10:07:47,15,2,11.6
28/05/2024,12:13:54,6,5,37.5
31/05/2024,12:10:57,12,1,25.7
31/05/2024,12:13:18,10,3,28.2
31/05/2024,14:08:38,10,5,47
1/06/2024,8:09:54,5,1,8.9
1/06/2024,10:02:24,10,5,47
3/06/2024,15:00:25,1,1,6
5/06/2024,8:14:17,4,3,6.3
6/06/2024,12:11:55,2,4,12.8
7/06/2024,8:09:24,15,4,23.2
7/06/2024,12:03:29,15,2,11.6
7/06/2024,15:13:51,8,3,44.1
9/06/2024,8:04:49,6,5,37.5
9/06/2024,14:04:51,12,2,51.4
10/06/2024,14:01:15,15,5,29
11/06/2024,13:09:45,13,2,20.6
11/06/2024,15:08:14,15,2,11.6
11/06/2024,17:08:42,14,2,6
13/06/2024,18:09:35,6,4,30
13/06/2024,18:10:06,9,1,14.8
14/06/2024,9:02:38,1,3,18
14/06/2024,12:14:22,4,5,10.5
16/06/2024,12:00:46,4,2,4.2
16/06/2024,12:04:49,14,1,3
16/06/2024,16:02:50,13,1,10.3
17/06/2024,16:10:37,15,3,17.4
17/06/2024,17:03:58,11,5,44.5
18/06/2024,15:06:46,15,4,23.2
20/06/2024,11:14:01,7,5,35.75
20/06/2024,17:05:23,4,2,4.2
22/06/2024,10:05:08,11,3,26.7
22/06/2024,10:06:40,5,2,17.8
23/06/2024,15:10:52,2,3,9.6
24/06/2024,8:13:09,2,1,3.2
24/06/2024,12:12:19,13,5,51.5
30/06/2024,8:05:28,15,3,17.4
1/07/2024,11:08:54,5,2,17.8
2/07/2024,10:03:04,14,3,9
2/07/2024,18:04:47,9,3,44.4
3/07/2024,9:13:01,1,2,12
3/07/2024,14:02:15,10,2,18.8
5/07/2024,13:13:37,13,2,20.6
6/07/2024,14:06:16,2,4,12.8
7/07/2024,14:06:45,12,3,77.1
8/07/2024,9:12:57,8,1,14.7
8/07/2024,17:03:45,3,1,5
9/07/2024,15:12:21,1,3,18
9/07/2024,16:08:37,6,3,22.5
12/07/2024,9:04:10,11,2,17.8
13/07/2024,17:08:20,5,5,44.5
14/07/2024,15:11:03,15,5,29
15/07/2024,13:05:29,5,4,35.6
15/07/2024,15:00:57,14,3,9
15/07/2024,18:02:34,11,5,44.5
16/07/2024,13:06:06,5,4,35.6
17/07/2024,11:08:20,13,4,41.2
17/07/2024,17:08:02,7,2,14.3
19/07/2024,11:13:06,2,5,16
19/07/2024,16:11:28,1,2,12
20/07/2024,11:05:41,12,5,128.5
20/07/2024,16:03:13,11,4,35.6
22/07/2024,12:08:38,12,3,77.1
23/07/2024,16:12:02,15,5,29
24/07/2024,14:09:56,8,2,29.4
24/07/2024,16:13:29,15,2,11.6
25/07/2024,12:01:52,15,4,23.2
25/07/2024,14:09:37,6,1,7.5
25/07/2024,17:03:30,4,4,8.4
26/07/2024,11:07:31,2,1,3.2
26/07/2024,16:05:48,5,1,8.9
28/07/2024,9:05:43,12,2,51.4
29/07/2024,11:10:45,8,1,14.7
29/07/2024,16:11:39,10,2,18.8
30/07/2024,17:13:22,1,2,12
31/07/2024,13:14:18,9,2,29.6
31/07/2024,14:04:50,11,4,35.6
31/07/2024,15:11:24,8,2,29.4
31/07/2024,17:01:31,6,1,7.5
2/08/2024,9:02:41,13,5,51.5
3/08/2024,8:12:47,13,5,51.5
4/08/2024,11:00:29,3,5,25
4/08/2024,18:06:57,6,2,15
5/08/2024,11:12:30,15,2,11.6
8/08/2024,8:00:17,1,5,30
8/08/2024,14:10:13,3,1,5
10/08/2024,13:05:16,10,4,37.6
12/08/2024,14:00:14,14,2,6
12/08/2024,17:00:56,8,1,14.7
13/08/2024,13:09:03,9,2,29.6
13/08/2024,14:06:43,13,2,20.6
14/08/2024,12:01:17,3,3,15
14/08/2024,18:11:41,15,3,17.4
15/08/2024,8:04:44,10,5,47
15/08/2024,15:01:25,13,5,51.5
17/08/2024,10:03:17,6,5,37.5
17/08/2024,13:00:10,10,1,9.4
18/08/2024,8:10:29,3,2,10
18/08/2024,11:13:44,5,4,35.6
18/08/2024,15:14:04,13,3,30.9
18/08/2024,17:06:57,6,5,37.5
18/08/2024,18:12:29,6,3,22.5
19/08/2024,13:03:30,10,5,47
21/08/2024,10:06:37,15,1,5.8
21/08/2024,12:09:15,7,1,7.15
23/08/2024,14:13:12,10,2,18.8
24/08/2024,10:09:38,7,5,35.75
24/08/2024,14:14:05,1,2,12
27/08/2024,11:12:36,4,4,8.4
28/08/2024,14:13:56,9,1,14.8
31/08/2024,13:14:20,3,2,10
31/08/2024,16:04:36,15,4,23.2
2/09/2024,12:02:23,8,2,29.4
2/09/2024,13:10:41,15,1,5.8
3/09/2024,18:10:48,8,5,73.5
4/09/2024,10:01:48,4,3,6.3
4/09/2024,17:10:43,13,2,20.6
5/09/2024,10:04:19,1,3,18
5/09/2024,15:08:30,9,4,59.2
7/09/2024,8:06:56,11,4,35.6
7/09/2024,9:05:04,7,1,7.15
7/09/2024,16:03:49,1,4,24
7/09/2024,17:08:15,5,5,44.5
10/09/2024,10:04:52,10,5,47
11/09/2024,14:08:17,8,1,14.7
12/09/2024,9:07:30,2,2,6.4
14/09/2024,9:07:35,4,5,10.5
15/09/2024,18:13:09,10,3,28.2
16/09/2024,15:03:02,3,4,20
16/09/2024,15:04:02,15,5,29
16/09/2024,18:00:51,15,1,5.8
17/09/2024,10:04:08,15,2,11.6
17/09/2024,18:00:33,6,5,37.5
18/09/2024,9:11:59,12,1,25.7
18/09/2024,13:06:12,11,3,26.7
25/09/2024,11:10:02,6,4,30
25/09/2024,17:06:13,7,2,14.3
26/09/2024,17:03:58,15,1,5.8
27/09/2024,14:03:54,2,5,16
28/09/2024,8:13:01,3,3,15
29/09/2024,13:07:39,11,5,44.5
2/10/2024,8:01:46,4,5,10.5
2/10/2024,8:13:43,10,3,28.2
2/10/2024,17:13:11,8,5,73.5
5/10/2024,11:03:28,15,4,23.2
5/10/2024,15:03:32,9,3,44.4
7/10/2024,8:00:08,13,3,30.9
7/10/2024,8:05:43,5,1,8.9
7/10/2024,12:08:25,1,1,6
10/10/2024,17:02:49,3,4,20
10/10/2024,18:12:12,7,2,14.3
12/10/2024,12:03:17,11,2,17.8
13/10/2024,18:01:24,9,1,14.8
14/10/2024,9:01:59,11,1,8.9
14/10/2024,10:13:12,12,1,25.7
14/10/2024,16:11:56,14,3,9
16/10/2024,12:01:54,9,3,44.4
16/10/2024,12:02:09,10,2,18.8
16/10/2024,12:12:15,7,1,7.15
17/10/2024,13:03:19,11,1,8.9
18/10/2024,11:11:28,7,5,35.75
20/10/2024,14:02:33,11,4,35.6
22/10/2024,15:13:54,14,1,3
22/10/2024,18:10:29,14,5,15
23/10/2024,16:09:40,3,3,15
24/10/2024,10:11:49,7,5,35.75
26/10/2024,17:07:08,1,3,18
27/10/2024,9:05:34,4,2,4.2
28/10/2024,13:07:45,1,3,18
28/10/2024,16:00:31,14,1,3
29/10/2024,10:05:19,13,5,51.5
30/10/2024,8:07:29,15,2,11.6
30/10/2024,12:12:36,11,4,35.6
31/10/2024,14:11:58,2,4,12.8
31/10/2024,18:00:50,4,1,2.1
4/11/2024,11:04:38,6,2,15
9/11/2024,8:01:21,5,5,44.5
9/11/2024,14:02:46,6,5,37.5
9/11/2024,16:08:01,12,3,77.1
10/11/2024,8:01:44,14,5,15
10/11/2024,11:14:04,3,2,10
11/11/2024,9:12:44,2,3,9.6
11/11/2024,14:02:01,1,3,18
11/11/2024,15:08:29,3,4,20
13/11/2024,15:08:22,6,4,30
13/11/2024,15:12:41,10,3,28.2
15/11/2024,10:03:57,6,3,22.5
17/11/2024,14:04:43,6,5,37.5
17/11/2024,16:03:34,8,3,44.1
17/11/2024,17:11:18,11,2,17.8
19/11/2024,15:05:56,6,2,15
21/11/2024,12:12:53,10,2,18.8
21/11/2024,16:09:44,9,4,59.2
24/11/2024,8:10:51,4,3,6.3
26/11/2024,12:14:18,7,5,35.75
26/11/2024,16:11:00,13,5,51.5
27/11/2024,14:00:57,9,3,44.4
28/11/2024,10:00:16,10,4,37.6
28/11/2024,14:05:15,13,2,20.6
30/11/2024,11:13:57,11,2,17.8
30/11/2024,16:13:40,15,1,5.8
1/12/2024,10:08:00,11,4,35.6
1/12/2024,13:05:10,1,1,6
2/12/2024,10:03:48,15,5,29
3/12/2024,8:12:03,2,1,3.2
3/12/2024,13:13:01,3,1,5
4/12/2024,12:05:43,10,2,18.8
4/12/2024,13:11:25,13,4,41.2
5/12/2024,9:08:58,12,1,25.7
6/12/2024,9:07:50,15,2,11.6
6/12/2024,12:11:17,9,4,59.2
6/12/2024,13:12:43,10,2,18.8
7/12/2024,8:01:47,5,5,44.5
7/12/2024,10:11:41,8,2,29.4
7/12/2024,13:00:11,10,5,47
9/12/2024,8:10:21,11,3,26.7
9/12/2024,11:08:18,12,3,77.1
10/12/2024,13:05:04,8,3,44.1
11/12/2024,11:11:09,7,4,28.6
13/12/2024,10:00:56,15,5,29
14/12/2024,17:05:49,6,2,15
16/12/2024,9:00:25,8,5,73.5
16/12/2024,9:02:08,12,4,102.8
17/12/2024,14:12:24,9,4,59.2
20/12/2024,12:03:14,11,3,26.7
20/12/2024,16:01:38,14,3,9
20/12/2024,17:05:36,12,3,77.1
21/12/2024,13:11:29,9,2,29.6
24/12/2024,12:03:32,14,1,3
26/12/2024,8:13:47,14,2,6
27/12/2024,14:09:40,12,1,25.7
27/12/2024,17:10:43,6,2,15
28/12/2024,8:02:27,11,2,17.8
28/12/2024,13:06:05,2,5,16
29/12/2024,12:02:50,6,4,30
30/12/2024,9:01:37,3,2,10
30/12/2024,10:00:56,5,4,35.6
30/12/2024,13:05:41,6,1,7.5
31/12/2024,10:07:52,3,2,10
31/12/2024,11:09:03,6,5,37.5
31/12/2024,12:11:23,3,4,20
1/01/2025,17:08:57,11,4,35.6
1/01/2025,18:08:03,15,4,23.2
2/01/2025,10:08:42,1,3,18
2/01/2025,12:08:15,12,1,25.7
2/01/2025,14:08:24,13,5,51.5
4/01/2025,10:07:52,6,2,15
4/01/2025,12:06:41,5,3,26.7
4/01/2025,13:08:11,4,1,2.1
4/01/2025,17:02:21,10,2,18.8
5/01/2025,18:05:39,14,5,15
10/01/2025,10:04:45,4,4,8.4
13/01/2025,8:06:22,1,3,18
13/01/2025,17:12:31,6,4,30
14/01/2025,12:05:30,11,3,26.7
14/01/2025,18:12:01,14,4,12
15/01/2025,16:07:07,5,3,26.7
16/01/2025,12:02:40,9,2,29.6
17/01/2025,15:07:31,5,1,8.9
18/01/2025,10:13:44,6,2,15
18/01/2025,11:02:52,9,4,59.2
18/01/2025,17:00:45,11,4,35.6
20/01/2025,11:01:16,12,5,128.5
20/01/2025,18:00:01,15,3,17.4
21/01/2025,9:07:45,6,5,37.5
23/01/2025,15:03:19,3,3,15
24/01/2025,12:07:23,5,2,17.8
24/01/2025,14:12:48,15,3,17.4
24/01/2025,15:12:54,13,4,41.2
26/01/2025,15:07:10,12,5,128.5
27/01/2025,10:01:26,3,3,15
28/01/2025,11:14:04,5,2,17.8
28/01/2025,15:02:36,8,5,73.5
30/01/2025,13:09:06,5,4,35.6
31/01/2025,12:13:08,10,5,47
31/01/2025,15:07:57,4,2,4.2
1/02/2025,8:02:21,12,2,51.4
1/02/2025,16:14:19,9,5,74
3/02/2025,8:13:31,5,4,35.6
4/02/2025,10:12:49,14,4,12
5/02/2025,16:01:11,1,5,30
7/02/2025,8:11:26,11,2,17.8
7/02/2025,10:00:18,11,5,44.5
9/02/2025,15:10:52,9,5,74
13/02/2025,11:08:07,2,1,3.2
15/02/2025,16:01:06,10,3,28.2
15/02/2025,18:10:12,9,4,59.2
16/02/2025,8:10:14,7,3,21.45
16/02/2025,13:05:58,2,2,6.4
18/02/2025,18:01:44,7,1,7.15
20/02/2025,13:01:48,4,3,6.3
20/02/2025,16:10:58,4,3,6.3
21/02/2025,11:14:06,3,3,15
21/02/2025,15:10:11,12,1,25.7
21/02/2025,18:04:36,10,4,37.6
22/02/2025,17:05:40,9,1,14.8
24/02/2025,10:03:22,8,5,73.5
25/02/2025,11:08:26,3,5,25
26/02/2025,10:11:39,15,1,5.8
2/03/2025,13:06:51,9,3,44.4
4/03/2025,11:03:49,15,1,5.8
4/03/2025,16:07:32,14,1,3
5/03/2025,9:09:01,12,2,51.4
7/03/2025,14:00:26,2,5,16
8/03/2025,9:11:54,4,2,4.2
8/03/2025,10:00:16,13,5,51.5
8/03/2025,16:00:19,10,2,18.8
10/03/2025,10:00:55,2,4,12.8
12/03/2025,16:09:11,4,1,2.1
15/03/2025,12:14:16,2,2,6.4
15/03/2025,17:02:06,5,4,35.6
17/03/2025,12:01:35,14,1,3
18/03/2025,9:14:16,6,3,22.5
18/03/2025,10:05:42,5,4,35.6
19/03/2025,16:05:44,3,1,5
20/03/2025,10:00:03,12,5,128.5
20/03/2025,15:04:05,11,2,17.8
21/03/2025,8:06:55,5,1,8.9
21/03/2025,14:11:54,1,4,24
26/03/2025,10:05:55,11,1,8.9
26/03/2025,11:12:17,10,5,47
26/03/2025,18:06:06,1,4,24
27/03/2025,17:00:03,15,1,5.8
28/03/2025,9:11:14,12,1,25.7
29/03/2025,18:06:16,1,2,12
30/03/2025,10:11:57,13,1,10.3
31/03/2025,11:02:20,4,1,2.1
3/04/2025,11:11:04,13,1,10.3
3/04/2025,17:02:05,11,3,26.7
3/04/2025,18:05:36,9,4,59.2
5/04/2025,14:09:07,6,1,7.5
5/04/2025,15:00:59,15,4,23.2
5/04/2025,18:04:16,14,4,12
6/04/2025,11:12:45,4,2,4.2
6/04/2025,17:01:45,3,5,25
8/04/2025,10:00:02,10,1,9.4
8/04/2025,16:10:36,10,4,37.6
9/04/2025,12:09:19,14,3,9
11/04/2025,16:06:24,1,3,18
12/04/2025,16:12:42,6,1,7.5
13/04/2025,13:11:34,8,4,58.8
14/04/2025,10:02:02,11,2,17.8
14/04/2025,13:03:30,15,3,17.4
14/04/2025,17:07:34,5,3,26.7
14/04/2025,18:08:24,13,5,51.5
16/04/2025,12:00:09,1,3,18
17/04/2025,8:00:16,9,1,14.8
17/04/2025,8:00:32,12,4,102.8
17/04/2025,14:04:43,12,2,51.4
21/04/2025,14:01:49,14,3,9
21/04/2025,17:08:22,12,5,128.5
21/04/2025,18:02:57,7,1,7.15
21/04/2025,18:06:56,6,5,37.5
22/04/2025,15:09:01,2,4,12.8
23/04/2025,10:12:21,10,5,47
23/04/2025,17:11:52,4,4,8.4
24/04/2025,10:07:36,3,1,5
26/04/2025,15:09:02,5,3,26.7
27/04/2025,12:01:20,15,4,23.2
30/04/2025,8:05:52,11,2,17.8
6/05/2025,11:02:50,15,3,17.4
7/05/2025,9:06:33,11,2,17.8
8/05/2025,13:01:00,15,1,5.8
9/05/2025,9:06:18,4,5,10.5
9/05/2025,10:09:52,5,3,26.7
9/05/2025,14:12:38,12,5,128.5
11/05/2025,11:10:52,3,2,10
14/05/2025,11:11:52,2,1,3.2
14/05/2025,15:09:45,13,3,30.9
15/05/2025,11:06:10,7,2,14.3
15/05/2025,13:09:01,2,5,16
17/05/2025,11:07:22,9,5,74
17/05/2025,15:13:22,10,4,37.6
17/05/2025,18:04:18,10,1,9.4
18/05/2025,9:10:35,8,5,73.5
18/05/2025,13:05:19,6,1,7.5
18/05/2025,18:11:06,3,1,5
19/05/2025,9:07:34,8,2,29.4
22/05/2025,14:00:20,7,3,21.45
24/05/2025,11:14:07,1,3,18
25/05/2025,10:08:53,12,2,51.4
25/05/2025,15:07:05,2,4,12.8
27/05/2025,15:13:03,15,2,11.6
28/05/2025,10:14:21,10,2,18.8
29/05/2025,18:03:50,14,5,15
30/05/2025,9:07:53,1,4,24
30/05/2025,10:06:23,12,4,102.8
1/06/2025,10:04:46,13,4,41.2
1/06/2025,15:00:21,3,2,10
1/06/2025,15:05:39,1,2,12
1/06/2025,17:09:34,4,5,10.5
4/06/2025,10:02:35,2,5,16
4/06/2025,11:05:55,10,1,9.4
4/06/2025,11:07:25,3,3,15
6/06/2025,16:09:19,10,3,28.2
7/06/2025,11:07:06,14,1,3
9/06/2025,10:09:35,4,2,4.2
11/06/2025,9:00:38,11,3,26.7
11/06/2025,10:11:31,1,5,30
13/06/2025,15:07:36,7,2,14.3
15/06/2025,17:07:32,9,3,44.4
20/06/2025,13:00:55,13,5,51.5
20/06/2025,13:04:25,1,4,24
21/06/2025,8:04:19,3,5,25
21/06/2025,8:13:52,5,5,44.5
21/06/2025,13:06:24,3,4,20
23/06/2025,15:03:30,11,2,17.8
24/06/2025,16:06:15,13,3,30.9
24/06/2025,18:04:25,11,3,26.7
25/06/2025,9:10:26,15,4,23.2
25/06/2025,14:09:56,7,1,7.15
26/06/2025,10:12:23,9,2,29.6
27/06/2025,14:06:26,5,5,44.5
28/06/2025,9:08:41,5,4,35.6
28/06/2025,15:11:26,6,5,37.5
29/06/2025,16:11:55,6,1,7.5
1/07/2025,8:06:29,13,4,41.2
1/07/2025,13:11:46,1,4,24
2/07/2025,12:00:26,12,5,128.5
4/07/2025,18:06:09,13,1,10.3
5/07/2025,11:00:45,4,3,6.3
6/07/2025,8:05:15,5,3,26.7
7/07/2025,12:08:43,7,2,14.3
7/07/2025,12:11:33,14,2,6
8/07/2025,12:01:09,11,4,35.6
8/07/2025,17:08:19,11,2,17.8
10/07/2025,11:11:21,9,4,59.2
11/07/2025,9:09:49,4,1,2.1
12/07/2025,17:03:50,2,4,12.8
13/07/2025,13:08:09,14,5,15
13/07/2025,18:04:57,2,1,3.2
14/07/2025,10:00:00,8,5,73.5
16/07/2025,10:10:16,5,5,44.5
18/07/2025,18:10:31,10,5,47
20/07/2025,15:12:05,7,2,14.3
20/07/2025,17:08:33,3,1,5
21/07/2025,11:00:54,6,4,30
21/07/2025,12:05:55,2,3,9.6
22/07/2025,8:00:42,14,3,9
23/07/2025,8:02:03,13,4,41.2
23/07/2025,10:08:44,1,4,24
24/07/2025,16:12:29,5,2,17.8
25/07/2025,11:13:04,9,3,44.4
26/07/2025,11:01:57,15,1,5.8
27/07/2025,18:09:10,9,3,44.4
28/07/2025,13:02:17,7,5,35.75
30/07/2025,9:11:01,3,1,5
30/07/2025,10:14:23,13,3,30.9
30/07/2025,12:09:42,2,4,12.8
30/07/2025,13:04:52,13,4,41.2
2/08/2025,9:11:16,6,5,37.5
2/08/2025,18:11:49,7,4,28.6
3/08/2025,13:06:14,6,4,30
3/08/2025,18:10:49,4,5,10.5
5/08/2025,14:02:58,5,5,44.5
6/08/2025,16:04:03,15,5,29
6/08/2025,18:01:45,9,5,74
7/08/2025,9:12:08,14,2,6
7/08/2025,10:07:28,4,3,6.3
7/08/2025,11:10:26,10,3,28.2
7/08/2025,15:13:43,6,4,30
7/08/2025,18:11:14,4,5,10.5
8/08/2025,17:01:34,6,2,15
9/08/2025,9:05:38,4,5,10.5
9/08/2025,11:10:50,4,1,2.1
10/08/2025,12:03:34,8,1,14.7
11/08/2025,13:00:36,7,3,21.45
11/08/2025,16:09:43,12,2,51.4
14/08/2025,9:03:50,4,4,8.4
14/08/2025,15:04:01,7,2,14.3
14/08/2025,16:07:12,7,5,35.75
14/08/2025,17:03:50,10,4,37.6
14/08/2025,18:03:02,14,1,3
16/08/2025,9:00:20,4,2,4.2
16/08/2025,10:11:56,8,2,29.4
17/08/2025,14:06:52,4,1,2.1
17/08/2025,18:10:09,5,4,35.6
17/08/2025,18:13:01,5,2,17.8
19/08/2025,11:06:18,1,1,6
19/08/2025,15:05:20,10,5,47
20/08/2025,9:03:37,1,3,18
22/08/2025,9:13:40,4,5,10.5
22/08/2025,10:14:19,8,3,44.1
22/08/2025,12:05:32,10,2,18.8
22/08/2025,14:04:03,6,4,30
23/08/2025,13:05:45,13,4,41.2
23/08/2025,14:04:33,5,3,26.7
24/08/2025,11:05:04,13,5,51.5
25/08/2025,10:00:55,15,3,17.4
25/08/2025,13:02:54,10,5,47
25/08/2025,14:10:08,6,4,30
25/08/2025,15:09:07,5,3,26.7
26/08/2025,12:03:18,15,4,23.2
27/08/2025,8:05:42,4,3,6.3
27/08/2025,10:07:07,11,4,35.6
27/08/2025,17:03:30,8,1,14.7
27/08/2025,18:02:05,13,2,20.6
28/08/2025,15:00:11,3,5,25
28/08/2025,17:01:11,15,4,23.2
29/08/2025,14:11:52,5,5,44.5
1/09/2025,10:08:35,12,1,25.7
1/09/2025,14:08:24,3,3,15
2/09/2025,12:08:36,12,2,51.4
3/09/2025,12:08:28,2,5,16
4/09/2025,13:02:55,3,3,15
5/09/2025,11:10:00,11,4,35.6
5/09/2025,17:08:42,11,5,44.5
6/09/2025,9:12:38,2,2,6.4
6/09/2025,14:09:52,11,1,8.9
8/09/2025,14:02:28,11,2,17.8
9/09/2025,16:06:24,11,5,44.5
10/09/2025,17:05:55,15,3,17.4
11/09/2025,8:11:07,10,5,47
11/09/2025,18:14:09,7,4,28.6
12/09/2025,17:00:25,15,5,29
15/09/2025,12:03:27,10,4,37.6
16/09/2025,11:09:13,6,3,22.5
16/09/2025,18:08:58,10,5,47
17/09/2025,15:12:53,11,2,17.8
18/09/2025,17:08:00,13,4,41.2
20/09/2025,11:02:55,12,1,25.7
20/09/2025,12:04:52,1,4,24
20/09/2025,17:10:08,2,3,9.6
24/09/2025,14:05:33,14,5,15
25/09/2025,15:07:09,13,2,20.6
25/09/2025,17:06:34,13,5,51.5
26/09/2025,17:00:54,9,1,14.8
28/09/2025,11:04:18,1,4,24
2/10/2025,10:13:38,4,3,6.3
2/10/2025,14:02:10,13,1,10.3
3/10/2025,17:02:47,6,1,7.5
3/10/2025,17:07:21,6,2,15
4/10/2025,13:04:50,4,2,4.2
5/10/2025,18:11:02,15,5,29
6/10/2025,11:13:27,8,2,29.4
6/10/2025,17:06:53,15,3,17.4
10/10/2025,18:09:54,5,4,35.6
11/10/2025,16:05:55,2,4,12.8
12/10/2025,14:06:42,14,2,6
13/10/2025,9:07:16,12,5,128.5
14/10/2025,9:01:02,13,2,20.6
14/10/2025,15:14:19,1,3,18
15/10/2025,8:09:49,8,5,73.5
15/10/2025,11:02:52,8,1,14.7
19/10/2025,15:05:58,6,5,37.5
14/11/2025,11:40:20,1,3,18.00
